make	model	model_variant	color	condition	city
Mercedes-benz	E 320	E 320 Elégance 4-Matic	Anthracite	Occasion	Zuzwil
Lamborghini	""	Espada GT 400 Serie 3	Anthracite	Antique Car	Zuzwil
Ferrari	F360	F360 Modena Berlinetta	Blue	Occasion	Zuzwil
Alfa Romeo	8C	null	Silver	Occasion	Porrentruy
Bmw	2002	Turbo	Silver	Occasion	Zuzwil
Datsun	""	SPORTS 2000	Silver	Occasion	Zuzwil
Audi	A8	A8 4.2 quattro	Silver	Occasion	Zuzwil
Lamborghini	GALLARDO	Gallardo 5.0 V10 Coupé SE	Silver	Occasion	Zuzwil
Mercedes-benz	280	3.5 V8 Cabrio	Silver	Occasion	Sursee
Mercedes-benz	SL 320	SL 320	Silver	Occasion	Zuzwil
Porsche	CAYENNE	Cayenne Turbo	Silver	Occasion	Zuzwil
Bmw	745	745i	Silver	Occasion	Zuzwil
Porsche	911	911 Carrera 2 RS	Silver	Occasion	Zuzwil
Porsche	911	911 Carrera 4 Cabrio TECHART	Blue	Occasion	Zuzwil
Mercedes-benz	E 55 AMG	E 55 AMG Avantgarde	Silver	Occasion	Zuzwil
Audi	RS6	RS6 Avant quattro	Silver	Occasion	Zuzwil
Lamborghini	DIABLO	Diablo 5.7 VT	Silver	Occasion	Zuzwil
Mercedes-benz	""	300SL Roadster	Silver	Occasion	Sursee
Alfa Romeo	8C	Coupé	Silver	Occasion	Zuzwil
Mercedes-benz	ML 400	ML 400 CDI	Silver	Occasion	Zuzwil
Vw	GOLF	Golf 2.0 TFSI GTI	Silver	Occasion	Zuzwil
Vw	JETTA	Jetta 2.0 TDI Comfort	Silver	Occasion	Zuzwil
Mercedes-benz	190	190 E 2.5-16 ABS	Silver	Occasion	Zuzwil
Wiesmann	COUPE	GT MF5	Silver	Occasion	Zuzwil
Porsche	911	911 Turbo Cabrio	Blue	Occasion	Zuzwil
Bmw	Z4	Z4 M Coupé	Silver	Demonstration Model	Zuzwil
Renault	Alpine A110	1300S	Silver	Occasion	Zuzwil
Maserati	COUPÉ GT	Coupé GT	Silver	Occasion	Zuzwil
Renault	ALPINE	1600 VF	Silver	Antique Car	Zuzwil
Audi	A8	A8 4.2 quattro	Silver	Occasion	Zuzwil
Chevrolet	CORVETTE	Corvette Z06	Silver	Occasion	Zuzwil
Toyota	COROLLA	Corolla 1600 GTi TC16	Silver	Occasion	Zuzwil
Mercedes-benz	CLK 55 AMG	CLK 55 AMG Avantgarde	Silver	Occasion	Zuzwil
Audi	S7	S7 Sportback 4.0 TFSI V8 quattro	Silver	Occasion	Zuzwil
Bentley	ARNAGE	Arnage T	Silver	Occasion	Basel
Audi	RS4	RS4 4.2 V8 quattro	Blue	Occasion	Zuzwil
Mercedes-benz	E 55 AMG	E 55 AMG Avantgarde	Silver	Occasion	Zuzwil
Porsche	911	911 Turbo	Silver	Occasion	Zuzwil
Bmw	645	645i	Silver	Occasion	Zuzwil
Porsche	911	911 GT3	Silver	Occasion	Zuzwil
Mercedes-benz	E 420	E 420 Avantgarde	Silver	Occasion	Zuzwil
Porsche	911	911 Carrera 4 S	Silver	Occasion	Zuzwil
Aston Martin	DB9	DB9 Volante	Silver	Occasion	Zuzwil
Triumph	Dolomite	Sprint	Silver	Occasion	Zuzwil
Mercedes-benz	SL 500	SL 500	Silver	Occasion	Zuzwil
Bmw	M6	M6	Silver	Occasion	Zuzwil
Audi	RS4	RS4 Avant quattro	Blue	Occasion	Zuzwil
Porsche	911	911 GT2	Silver	Occasion	Zuzwil
Renault	ALPINE	Alpine A310 V6	Silver	Occasion	Zuzwil
Toyota	CELICA	1600 GT DOHC	Silver	Antique Car	Zuzwil
Vw	PHAETON	Phaeton 6.0 W12 4Motion	Silver	Occasion	Zuzwil
Ferrari	F430	F430 Scuderia	Silver	Occasion	Zuzwil
Mercedes-benz	190	190 E 2.5-16 ABS	Silver	Occasion	Zuzwil
Bmw	750	750i	Silver	Occasion	Zuzwil
Porsche	911	911 Carrera S	Silver	Occasion	Zuzwil
Ferrari	MONDIAL	Mondial 3.4 T	Silver	Occasion	Zuzwil
Bmw	X5	X5 4.4i	Silver	Occasion	Zuzwil
Ferrari	F12	F12 Berlinetta	Blue	Occasion	Zuzwil
Ford	ESCORT	RS 2000	Silver	Occasion	Zuzwil
Mercedes-benz	SL 320	SL 320	Silver	Occasion	Zuzwil
Porsche	911	911 Carrera 4S	Silver	Occasion	Zuzwil
Toyota	LAND CRUISER	FJ 40	Silver	Occasion	Zuzwil
Mercedes-benz	SL 500	SL 500	Silver	Occasion	Zuzwil
Renault	Alpine A110	1600S	Silver	Occasion	Zuzwil
Datsun	280	ZX	Silver	Occasion	Zuzwil
Porsche	911	911 GT2	Silver	Occasion	Zuzwil
Lamborghini	MURCIÉLAGO	Murciélago 6.2 Coupé	Silver	Occasion	Porrentruy
Mercedes-benz	ML 350	ML 350 Inspiration	Silver	Occasion	Zuzwil
Audi	A8	A8 4.2 quattro	Blue	Occasion	Zuzwil
Porsche	911	911 Turbo	Silver	Occasion	Zuzwil
Bmw	M3	M3 CSL	Silver	Occasion	Zuzwil
Mitsubishi	LANCER	EVO V	Silver	Occasion	Zuzwil
Mercedes-benz	""	6.7 BRABUS	Silver	Occasion	Zuzwil
Porsche	911	911 Carrera 4	Silver	Occasion	Zuzwil
Audi	TT	TT Roadster 1.8 T	Silver	Occasion	Zuzwil
Audi	A8	A8 4.2 quattro	Silver	Occasion	Zuzwil
Renault	Alpine A110	1300	Silver	Occasion	Zuzwil
Maserati	QUATTROPORTE	Quattroporte 4.2	Silver	Occasion	Zuzwil
Mercedes-benz	SL 500	SL 500	Silver	Occasion	Zuzwil
Bentley	ARNAGE	Arnage Red Label	Blue	Occasion	Zuzwil
Bentley	CONTINENTAL	Continental GT Speed 6.0	Silver	Occasion	St. Gallen
Jaguar	""	D-Type XKD525	Violet	Occasion	Zuzwil
Chevrolet	CORVETTE	C2	Violet	Occasion	Zuzwil
Renault	R5	R5 1400 Alpine Turbo	Violet	Occasion	Zuzwil
Mercedes-benz	E 50 AMG	E 50 AMG Avantgarde	Violet	Occasion	Zuzwil
Lamborghini	DIABLO	Diablo 5.7 SV	Violet	Occasion	Porrentruy
Mercedes-benz	S 500	S 500	Violet	Occasion	Zuzwil
Maserati	COUPÉ GT	Coupé GT	White	Occasion	Zuzwil
Aston Martin	V8 Vantage	V8 Vantage 4.7	White	Demonstration Model	Zuzwil
Mercedes-benz	ML 400	ML 400 CDI	White	Occasion	Zuzwil
Audi	RS6	RS6 Avant 4.0 TFSI V8 qu	Blue	New	Zuzwil
Triumph	Dolomite	Sprint	White	Occasion	Zuzwil
Porsche	CAYENNE	Cayenne S	White	Occasion	Zuzwil
Maserati	SPYDER GT	Spyder GT	White	Occasion	Zuzwil
Audi	A4	A4 3.0 V6	White	Occasion	Zuzwil
Audi	A8	A8 4.2 quattro	White	Occasion	Zuzwil
Renault	ALPINE	A310 2700 VA	White	Antique Car	Zuzwil
Ferrari	575M	575M	White	Occasion	Zuzwil
Mercedes-benz	SL 600	SL 600	White	Occasion	Zuzwil
Mercedes-benz	CLK 55 AMG	CLK 55 AMG Avantgarde	White	Occasion	Zuzwil
Porsche	CAYENNE	Cayenne Turbo	White	New	Zuzwil
Maserati	COUPÉ GT	Coupé GT	Blue	Occasion	Zuzwil
Bmw	330	330i	White	Occasion	Zuzwil
Mercedes-benz	CL 600	CL 600	White	Occasion	Zuzwil
Audi	A8	A8 4.2 quattro	White	Occasion	Zuzwil
Porsche	911	911 Turbo S Cabrio	White	Occasion	Zuzwil
Mclaren	12C	MP4-12C Coupé 3.8 V8	White	Occasion	Zuzwil
Ferrari	458	458 Spider Italia 4.5 V8	White	Occasion	Zuzwil
Audi	RS6	RS6 Avant 5.0 V10 quattro	White	Occasion	Zuzwil
Ferrari	599	599 GTB	White	Occasion	Zuzwil
Mercedes-benz	S 63 AMG	S 63 AMG L	White	Occasion	Zuzwil
Chevrolet	CORVETTE	C1	White	Occasion	Zuzwil
Ruf	""	RT 12	Anthracite	Occasion	Zuzwil
Audi	RS6	RS6 Avant quattro	Blue	Occasion	Zuzwil
Mercedes-benz	S 500	S 500 4Matic	White	Occasion	Zuzwil
Bentley	ARNAGE	Arnage Green Label	White	Occasion	Zuzwil
Bmw	740	740i	White	Occasion	Zuzwil
De Tomaso	PANTERA	null	White	Occasion	Zuzwil
Jaguar	XJ	XJR 4.0 Supercharged	White	Occasion	Zuzwil
Mercedes-benz	ML 500	ML 500 4Matic	White	Occasion	Zuzwil
Delorean	""	De Lorean DMC-12	White	Occasion	Zuzwil
Porsche	PANAMERA	Panamera Turbo 4.8	White	Occasion	Zuzwil
Autobianchi	A112	Abarth Serie II	White	Occasion	Zuzwil
Alfa Romeo	SPIDER	1300 Junior	White	Antique Car	Zuzwil
Vw	PHAETON	Phaeton 6.0 W12 4Motion	Blue	Occasion	Zuzwil
Chevrolet	Silverado	2500HD 6.6l V8	White	Occasion	Zuzwil
Mercedes-benz	CL 600	CL 600	White	Occasion	Zuzwil
Bentley	ARNAGE	Red Label	White	Occasion	Zuzwil
Mercedes-benz	CL 600	CL 600	White	Occasion	Zuzwil
Renault	ALPINE	Alpine V6 Turbo	White	Occasion	Zuzwil
Mercedes-benz	CLS 500	CLS 500	White	Occasion	Zuzwil
Mercedes-benz	CLS 63 AMG	CLS 63 AMG	White	Occasion	Zuzwil
Hummer	H3	H3 3.7 Adventure	White	Demonstration Model	Zuzwil
Rolls-royce	PHANTOM	Phantom 6.7 V12	White	Occasion	Zuzwil
Porsche	911	911 Turbo	White	Occasion	Zuzwil
Ford (usa)	EXPLORER	Explorer 4.0 Ltd. Edition	Blue	Occasion	Zuzwil
Renault	Alpine A110	1300 VC Gordini	White	Occasion	Zuzwil
Porsche	911	911 Turbo	White	Occasion	Zuzwil
Audi	RS6	RS6 Avant 5.0 V10 quattro	White	Occasion	Zuzwil
Bentley	CONTINENTAL	Continental GT 6.0	White	Occasion	Zuzwil
Ferrari	575M	575M	White	Occasion	Zuzwil
Mercedes-benz	SL 500	SL 500	White	Occasion	Zuzwil
Mazda	MX-5	MX-5 1.8i 16V Confort	White	Occasion	Zuzwil
Audi	RS6	RS6 Avant 5.0 V10 quattro	White	Occasion	Zuzwil
Peugeot	205	Turbo 16V	White	Occasion	Zuzwil
Audi	A8	A8 4.2 quattro	White	Occasion	Zuzwil
Mercedes-benz	500	500 SE	Blue	Occasion	Zuzwil
Bmw	320	320d xDrive M-Sportpaket	White	Occasion	Zuzwil
Bmw	728	728i	White	Occasion	Zuzwil
Jaguar	XJ 220	null	White	Occasion	Zuzwil
Porsche	CAYENNE	Cayenne S	White	Occasion	Zuzwil
Rolls-royce	PHANTOM	Phantom 6.7 V12	White	Occasion	Zuzwil
Bentley	CONTINENTAL	Continental FlyingSpur6.0	White	Occasion	Zuzwil
Mercedes-benz	CLS 63 AMG	CLS 63 AMG	White	Occasion	Zuzwil
Renault	ESPACE	Espace 2.0 T Privilège	White	Occasion	Zuzwil
Jaguar	XK	XKR S/C	White	Occasion	Zuzwil
Mini	MINI	1000	White	Antique Car	Safenwil
Mercedes-benz	ML 500	ML 500	Blue	Occasion	Zuzwil
Mclaren	12C	MP4-12C Cabriolet 3.8 V8	White	Occasion	Zuzwil
Mercedes-benz	SL 320	SL 320	White	Occasion	Zuzwil
Agm	""	WLR	White	Occasion	Zuzwil
Mercedes-benz	SL 55 AMG	SL 55 AMG	White	Occasion	Zuzwil
Porsche	911	911 Carrera S Cabrio	White	Occasion	Zuzwil
Mercedes-benz	SL 500	SL 500	White	Occasion	Zuzwil
Mercedes-benz	S 600	S 600	White	Occasion	Zuzwil
Vw	PHAETON	Phaeton 3.0 TDi V6 4M	White	Occasion	Zuzwil
Ferrari	456	456M GT	White	Occasion	Zuzwil
Mercedes-benz	S 65 AMG	S 65 AMG L	White	Occasion	Zuzwil
Mercedes-benz	SL 55 AMG	SL 55 AMG	Blue	Occasion	Zuzwil
Bmw	M5	M5	White	Occasion	Zuzwil
Mercedes-benz	A 150	A 150 Classic	White	Occasion	Zuzwil
Lamborghini	""	Reventon Coupé	White	Occasion	Porrentruy
Audi	RS6	RS6 Avant quattro	White	Occasion	Zuzwil
Audi	RS6	RS6 Avant 5.0 V10 quattro	Blue	Occasion	Zuzwil
Mercedes-benz	E 320	E 320 Avantgarde	Blue	Occasion	Zuzwil
Mercedes-benz	""	CLK DTM AMG	Blue	Occasion	Zuzwil
Porsche	911	911 Turbo	Blue	Occasion	Zuzwil
Bmw	X5	X5 4.6is	Anthracite	Occasion	Zuzwil
Mercedes-benz	SL 600	SL 600	Blue	Occasion	Zuzwil
Bentley	BROOKLANDS	Brooklands	Blue	Occasion	Zuzwil
Mercedes-benz	C 320	C 320 Elégance	Blue	Occasion	Zuzwil
Bmw-alpina	5 SERIES	B7 TURBO	Blue	Occasion	Zuzwil
Ferrari	F360	F360 Modena Berlinetta	Blue	Occasion	Porrentruy
Audi	RS6	RS6 Avant 5.0 V10 quattro	Blue	Occasion	Zuzwil
Bmw	728	728i	Blue	Occasion	Zuzwil
Audi	RS6	RS6 Avant quattro	Blue	Occasion	Zuzwil
Mercedes-benz	E 63 AMG	E 63 AMG S 4Matic	Blue	Occasion	Zuzwil
Lamborghini	MURCIÉLAGO	Murciélago LP640-4 Cpé	Blue	Occasion	Zuzwil
Porsche	924	Turbo	Anthracite	Occasion	Zuzwil
Mg	""	Roadster	Blue	Antique Car	Zuzwil
Mercedes-benz	S 55 AMG	S 55 AMG	Blue	Occasion	Zuzwil
Mercedes-benz	SL 600	SL 600	Blue	Occasion	Zuzwil
Mercedes-benz	E 240	E 240 Avantgarde	Blue	Occasion	Zuzwil
Bmw	Z1	null	Blue	Occasion	Zuzwil
Honda	LEGEND	Legend V6 3.5i	Blue	Occasion	Zuzwil
Porsche	911	911 Turbo	Blue	Occasion	Zuzwil
Mercedes-benz	CLS 63 AMG	CLS 63 AMG	Blue	Occasion	Zuzwil
Mercedes-benz	SL 320	SL 320	Blue	Occasion	Zuzwil
Bmw	750	750i	Blue	Occasion	Zuzwil
Audi	Cabriolet	Cabriolet 2.8 E	Anthracite	Occasion	Zuzwil
Audi	RS6	RS6 Avant 5.0 V10 quattro	Blue	Occasion	Zuzwil
Mercedes-benz	C 230	C 230 Elégance	Blue	Occasion	Zuzwil
Lamborghini	GALLARDO	Gallardo LP570-4 Coupé SL	Blue	Occasion	Zuzwil
Mercedes-benz	S 65 AMG	S 65 AMG L	Blue	Occasion	Zuzwil
Renault	Alpine A110	A5 Motor	Blue	Occasion	Zuzwil
Mercedes-benz	190	190 E 2.5-16 ABS	Blue	Occasion	Zuzwil
Bmw	2002	Turbo	Blue	Occasion	Zuzwil
Ford (usa)	MUSTANG	5.0 GT Premium 50 Years	Blue	Occasion	Zuzwil
Lamborghini	GALLARDO	Gallardo LP550-2 Cpé V.B.	Blue	Occasion	Zuzwil
Ferrari	F430	F430 Spider	Blue	Occasion	Porrentruy
Land Rover	RANGE ROVER	Range Rover 3.6 d HSE	Anthracite	Occasion	Zuzwil
Mercedes-benz	CL 500	CL 500	Blue	Occasion	Zuzwil
Maserati	QUATTROPORTE	Quattroporte 4.7 S	Blue	Occasion	Zuzwil
Bmw	530	530d Touring	Blue	Occasion	Zuzwil
Vw	EOS	Eos 2.0 FSI T	Blue	Occasion	Zuzwil
Audi	A6	A6 4.2 V8 quattro	Blue	Occasion	Zuzwil
Mercedes-benz	E 55 AMG	E 55 AMG Avantgarde	Blue	Occasion	Zuzwil
Porsche	911	911 Carrera Cabrio	Blue	Occasion	Zuzwil
Bmw	X3	X3 3.0i	Blue	Occasion	Zuzwil
Bmw-alpina	6 SERIES	B6 4.4 V8 Cabrio	Blue	Occasion	Zuzwil
Bmw	540	540i	Blue	Occasion	Zuzwil
Mercedes-benz	SL 55 AMG	SL 55 AMG	Anthracite	Occasion	Zuzwil
Porsche	BOXSTER	Boxster S 3.2	Blue	Occasion	Zuzwil
Ferrari	458	458 Italia 4.5 V8 Speciale	Blue	New	Zuzwil
Mercedes-benz	E 420	E 420 Elégance	Blue	Occasion	Zuzwil
Mercedes-benz	ML 63 AMG	ML 63 AMG 4Matic	Blue	Occasion	Zuzwil
Mercedes-benz	E 55 AMG	E 55 AMG Avantgarde	Blue	Occasion	Zuzwil
Mercedes-benz	S 600	S 600	Blue	Occasion	Zuzwil
Mercedes-benz	SLK 230	SLK 230 Kompressor	Blue	Occasion	Zuzwil
Lotus	ESPRIT	Esprit 3.5 V8 SE	Blue	Occasion	Zuzwil
Subaru	IMPREZA	Impreza 2.5T WRX	Blue	Occasion	Zuzwil
Aston Martin	DB7	DB7	Blue	Occasion	Zuzwil
Land Rover	RANGE ROVER	Range Rover 4.4TD Vogue	Anthracite	Occasion	Zuzwil
Mercedes-benz	S 500	S 500	Blue	Occasion	Zuzwil
Renault	ALPINE	Alpine A310 V6	Blue	Occasion	Zuzwil
Audi	RS6	RS6 Avant quattro	Blue	Occasion	Zuzwil
Maserati	QUATTROPORTE	Quattroporte 4.2	Blue	Occasion	Zuzwil
Renault	ALPINE	A310 1600 VG	Blue	Antique Car	Zuzwil
Audi	RS6	RS6 Avant quattro	Blue	Occasion	Zuzwil
Ferrari	F360	F360 Modena Berlinetta	Blue	Occasion	Zuzwil
Mercedes-benz	CL 500	CL 500	Blue	Occasion	Zuzwil
Ferrari	575M	575M	Blue	Occasion	Zuzwil
Volvo	C70	C70 T5	Blue	Occasion	Zuzwil
Mercedes-benz	C 63 AMG	BLACK SERIES (Coupé)	Anthracite	Occasion	Zuzwil
Land Rover	RANGE ROVER	Range Rover 4.6 HSE	Blue	Occasion	Zuzwil
Toyota	CELICA	1600 GT	Blue	Occasion	Zuzwil
Ferrari	F360	F360 Modena Berlinetta	Blue	Occasion	Zuzwil
Bmw-alpina	7 SERIES	B7 Turbo Coupé	Blue	Occasion	Zuzwil
Mercedes-benz	SLR	McLaren Roadster	Blue	Occasion	Zuzwil
Porsche	924	924	Blue	Occasion	Zuzwil
Audi	A8	A8  6.0 quattro	Blue	Occasion	Zuzwil
Audi	RS6	RS6 Avant 5.0 V10 quattro	Blue	Occasion	Zuzwil
Renault	ALPINE	Alpine A310 V6	Blue	Antique Car	Zuzwil
Bmw	M3	M3	Blue	Occasion	Zuzwil
Bmw-alpina	3 SERIES	B8	Anthracite	Occasion	Zuzwil
Mercedes-benz	SL 600	SL 600	Blue	Occasion	Zuzwil
Audi	RS4	RS4 Avant quattro	Blue	Occasion	Zuzwil
Mercedes-benz	CLK 55 AMG	CLK 55 AMG Avantgarde	Blue	Occasion	Zuzwil
Mercedes-benz	SLK 230	SLK 230 Kompressor	Blue	Occasion	Zuzwil
Porsche	911	911 Carrera 4S	Blue	Occasion	Zuzwil
Mitsubishi	LANCER	Lancer Evo VII	Bordeaux	Occasion	Zuzwil
Mercedes-benz	S 320	S 320	Bordeaux	Occasion	Zuzwil
Mercedes-benz	SL 600	SL 600	Bordeaux	Occasion	Zuzwil
Mercedes-benz	""	170V B Cabrio 136	Bordeaux	Antique Car	Zuzwil
Mercedes-benz	S 500	S 500	Bordeaux	Occasion	Zuzwil
Audi	RS6	RS6 Avant 5.0 V10 quattro	Anthracite	Occasion	Zuzwil
Mercedes-benz	SL 55 AMG	SL 55 AMG	Anthracite	Occasion	Zuzwil
Porsche	911	911 Turbo S Cabrio	Bordeaux	New	Zuzwil
Mercedes-benz	SL 300	SL 300	Bordeaux	Occasion	Zuzwil
Mercedes-benz	S 500	S 500	Bordeaux	Occasion	Zuzwil
Audi	A8	A8 4.2 quattro	Bordeaux	Occasion	Zuzwil
Fiat	""	850 Spider	Bordeaux	Occasion	Zuzwil
Ferrari	F360	F360 Modena Berlinetta	Bordeaux	Occasion	Zuzwil
Bentley	""	T 2	Bordeaux	Occasion	Zuzwil
Mercedes-benz	E 55 AMG	E 55 AMG Avantgarde	Bordeaux	Occasion	Zuzwil
Bmw	M3	M3	Bordeaux	Occasion	Zuzwil
Audi	A6	A6 Avant 2.7 T q.Ambiente	Bordeaux	Occasion	Zuzwil
Audi	RS6	RS6 Avant quattro	Anthracite	Occasion	Zuzwil
Ferrari	F430	F430	Bordeaux	Occasion	Zuzwil
Maserati	QUATTROPORTE	Quattroporte 4.2 Sport GT	Brown	Occasion	Zuzwil
Bmw	Z4	Z4 2.5i Roadster	Brown	Occasion	Zuzwil
Bmw	328	328i	Brown	Occasion	Zuzwil
Bentley	CONTINENTAL	Continental FlyingSpur6.0	Yellow	Occasion	Zuzwil
Morgan	4/4	4/4 1.8	Yellow	Occasion	Zuzwil
Rolls-royce	CORNICHE	Cabrio	Yellow	Occasion	Zuzwil
Ferrari	F355	F355 Berlinetta	Yellow	Occasion	Zuzwil
Bmw	M5	M5	Yellow	Occasion	Zuzwil
Daewoo	TACUMA	Tacuma 2000i CDX	Yellow	Occasion	Zuzwil
Renault	Alpine A110	1600S Gruppe 5 look	Anthracite	Occasion	Zuzwil
Porsche	911	911 Turbo S Cabrio PDK	Yellow	Occasion	Zuzwil
Porsche	911	Targa	Yellow	Occasion	Zuzwil
Maserati	3200 GT	3200 GT	Yellow	Occasion	Zuzwil
Mercedes-benz	S 400	S 400 CDI	Yellow	Occasion	Zuzwil
Ferrari	456	456M GT	Yellow	Occasion	Zuzwil
Audi	S6	S6 quattro	Yellow	Occasion	Zuzwil
Mercedes-benz	190	190 E 2.5-16 Evo II ABS	Yellow	Occasion	Zuzwil
Mazda	626	626 2.0i-16V HPV	Yellow	Occasion	Zuzwil
Toyota	CAMRY	2000 GLi Super Liftback	Yellow	Antique Car	Safenwil
Porsche	CAYENNE	Cayenne Turbo S	Yellow	Occasion	Zuzwil
Porsche	CAYENNE	Cayenne Turbo	Anthracite	Occasion	Zuzwil
Chrysler	VIPER	Viper RT/10	Yellow	Occasion	Zuzwil
Mercedes-benz	S 320	S 320	Yellow	Occasion	Zuzwil
Toyota	MR2	MR2 2.0	Yellow	Occasion	Zuzwil
Ferrari	TESTAR./512	Testarossa	Yellow	Occasion	Zuzwil
Chevrolet	CORVETTE	Corvette ZR1	Gold	Occasion	Zuzwil
Bmw	M3	M3	Gold	Occasion	Zuzwil
Ruf	""	CTR	Gold	Occasion	Zuzwil
Renault	R5	R5 Turbo 2	Gold	Occasion	Zuzwil
Daimler	XJ	Six 4.0	Gold	Occasion	Zuzwil
Mazda	RX-7	RX-7 2.6 Turbo II	Gray	Occasion	Zuzwil
Bugatti	""	Veyron 16.4	Anthracite	Occasion	Sursee
Porsche	911	911 Turbo	Gray	Occasion	Zuzwil
Porsche	911	911 Carrera Cabrio	Gray	Occasion	Zuzwil
Mercedes-benz	S 500	S 500 L 4Matic	Gray	Occasion	Zuzwil
Bugatti	EB	110 GT/SS	Gray	Occasion	Zuzwil
Audi	RS6	RS6 Avant 5.0 V10 quattro	Gray	Occasion	Zuzwil
Ferrari	575M	575M	Gray	Occasion	Zuzwil
Audi	RS6	RS6 Avant quattro	Gray	Occasion	Zuzwil
Jaguar	S-TYPE	S-Type 4.2 V8 S/C R	Gray	Occasion	Zuzwil
Maserati	SPYDER GT	Spyder GT	Gray	Occasion	Zuzwil
Porsche	911	911 Carrera Targa	Gray	Occasion	Zuzwil
Audi	RS6	RS6 Avant 5.0 V10 quattro	Anthracite	Occasion	Zuzwil
Ferrari	F355	F355 GTS	Gray	Occasion	Zuzwil
Maserati	QUATTROPORTE	Quattroporte 4.2	Gray	Occasion	Zuzwil
Mercedes-benz	E 320	E 320 Elégance 4-Matic	Gray	Occasion	Zuzwil
Jaguar	XK	XK8 Convertible	Gray	Occasion	Zuzwil
Chevrolet	CORVETTE	null	Gray	Occasion	Zuzwil
Maserati	SPYDER GT	Spyder GT	Gray	Occasion	Zuzwil
Ferrari	F360	F360 Spider	Gray	Occasion	Zuzwil
Renault	R5	R5 1400 Alpine Turbo	Gray	Antique Car	Zuzwil
Ferrari	575M	575M	Gray	Occasion	Zuzwil
Lancia	DELTA	Delta HF Integrale Evo	Gray	Occasion	Zuzwil
Mercedes-benz	SL 600	SL 600	Anthracite	Occasion	Zuzwil
Bentley	ARNAGE	Arnage R	Gray	Occasion	Zuzwil
Mercedes-benz	CL 500	CL 500	Gray	New	Zuzwil
Mercedes-benz	E 55 AMG	E 55 AMG Avantgarde	Gray	Occasion	Zuzwil
Porsche	CAYENNE	Cayenne Turbo	Gray	Occasion	Zuzwil
Porsche	CAYENNE	Cayenne Turbo	Gray	Occasion	Zuzwil
Mercedes-benz	SL 600	SL 600	Gray	Occasion	Zuzwil
Audi	RS6	RS6 Avant 5.0 V10 quattro MTM	Gray	Occasion	Zuzwil
Austin-healey	""	100/Six BN6 Roadster	Gray	Antique Car	Safenwil
Ruf	""	CTR 2 Sport	Gray	Occasion	Zuzwil
Porsche	911	911 Turbo	Gray	Occasion	Zuzwil
Bentley	TURBO	Turbo R	Anthracite	Occasion	Zuzwil
Porsche	911	911 Carrera S Cabrio	Gray	Occasion	Zuzwil
Bmw	535	535i Touring	Gray	Occasion	Zuzwil
Porsche	911	911 Turbo	Gray	Occasion	Zuzwil
Porsche	CAYENNE	Cayenne Turbo	Gray	Occasion	Zuzwil
Toyota	CELICA	Celica 2800 i Supra	Gray	Occasion	Zuzwil
Porsche	911	911 Turbo	Gray	Occasion	Zuzwil
Renault	Alpine A110	1600 SX	Gray	Occasion	Zuzwil
Mercedes-benz	SL 350	SL 350	Gray	Occasion	Zuzwil
Land Rover	RANGE ROVER	Range Rover 4.6 HSE	Gray	Occasion	Zuzwil
Porsche	PANAMERA	Panamera Turbo 4.8	Gray	Occasion	Zuzwil
Porsche	911	911 Carrera	Anthracite	Occasion	Zuzwil
Audi	RS6	RS6 Avant 5.0 V10 quattro	Gray	Occasion	Zuzwil
Bmw	540	540i Touring	Gray	Occasion	Zuzwil
Maserati	SPYDER GT	Spyder GT	Gray	Occasion	Zuzwil
Maserati	COUPÉ GT	Coupé GT	Gray	Occasion	Zuzwil
Lamborghini	HURACAN	Huracan LP610-4 Coupé	Gray	New	Zuzwil
Aston Martin	Virage	Virage	Gray	Occasion	Zuzwil
Fiat	PUNTO	Punto 1.8 16V HGT	Gray	Occasion	Zuzwil
Audi	RS6	RS6 Avant quattro	Gray	Occasion	Zuzwil
Audi	RS6	RS6 Avant quattro	Gray	Occasion	Zuzwil
Bmw	X5	X5 4.4i	Gray	Occasion	Zuzwil
Giottiline	""	Therry T22	Anthracite	Occasion	Zuzwil
Ferrari	612	612	Gray	Occasion	Zuzwil
Audi	RS6	RS6 Avant 5.0 V10 quattro	Gray	Occasion	Zuzwil
Porsche	911	911 Turbo	Gray	Occasion	Zuzwil
Mercedes-benz	S 55 AMG	S 55 AMG	Gray	Occasion	Zuzwil
Audi	R8	R8 Coupé 4.2	Gray	Occasion	Zuzwil
Mercedes-benz	CLK 63 AMG	CLK 63 AMG Black Series	Gray	Occasion	Zuzwil
Bentley	CONTINENTAL	Continental GTC 6.0	Gray	Occasion	Zuzwil
Audi	RS6	RS6 Avant quattro	Gray	Occasion	Zuzwil
Ferrari	F550	F550 Maranello	Gray	Occasion	Zuzwil
Aston Martin	DBS	DBS Coupé	Gray	Occasion	Zuzwil
Audi	RS6	RS6 Avant quattro	Anthracite	Occasion	Zuzwil
Mercedes-benz	SL 500	SL 500	Anthracite	Occasion	Zuzwil
Mercedes-benz	S 500	S 500	Gray	Occasion	Zuzwil
Mercedes-benz	E 500	E 500 Limited	Gray	Occasion	Zuzwil
Mercedes-benz	CL 65 AMG	CL 65 AMG	Gray	Occasion	Zuzwil
Mercedes-benz	SL 500	SL 500 Special Edition	Gray	Occasion	Zuzwil
Lamborghini	GALLARDO	Gallardo LP560-4 Coupé	Gray	Occasion	Zuzwil
Porsche	BOXSTER	Boxster S 3.4	Gray	Occasion	Zuzwil
Vw	PHAETON	Phaeton 4.2 V8 4Motion	Gray	Occasion	Zuzwil
Ferrari	612	612	Gray	Occasion	Zuzwil
Audi	RS6	RS6 Avant 5.0 V10 quattro	Gray	Occasion	Zuzwil
Porsche	911	911 Carrera	Gray	Occasion	Zuzwil
Porsche	911	911 Turbo	Anthracite	Occasion	Zuzwil
Renault	""	R8 Gordini	Gray	Antique Car	Zuzwil
Mercedes-benz	S 500	S 500 L	Gray	Occasion	Zuzwil
Bmw	323	323i Sport Edition	Gray	Occasion	Zuzwil
Mercedes-benz	CL 500	CL 500 4Matic	Gray	Occasion	Zuzwil
Vw	BEETLE	New Beetle Cup	Gray	Occasion	Zuzwil
Porsche	CAYENNE	Cayenne Turbo	Gray	Occasion	Zuzwil
Mercedes-benz	S 500	S 500 L	Gray	Occasion	Zuzwil
Mercedes-benz	SL 55 AMG	SL 55 AMG	Gray	Occasion	Zuzwil
Audi	RS6	RS6 Avant quattro	Gray	Occasion	Zuzwil
Mg	MGC	GT	Gray	Occasion	Zuzwil
Audi	A8	A8 4.2 quattro	Anthracite	Occasion	Zuzwil
Porsche	924	null	Gray	Occasion	Zuzwil
Ford	""	T - Roadster	Gray	Antique Car	Zuzwil
Mercedes-benz	CLK 430	CLK 430 Elégance	Gray	Demonstration Model	Zuzwil
Vw	GOLF	Golf 2.0 TSI R 4Motion	Gray	Occasion	Zuzwil
Porsche	911	911 Carrera RS Clubsport/993 GT2	Gray	Occasion	Zuzwil
Land Rover	DEFENDER	Defender 90 2.4Td4 SW	Gray	Occasion	Zuzwil
Mercedes-benz	S 65 AMG	S 65 AMG L	Gray	Occasion	Zuzwil
Mercedes-benz	ML 63 AMG	ML 63 AMG 4Matic	Gray	Occasion	Zuzwil
Audi	S6	S6 quattro 4.2	Gray	Occasion	Zuzwil
Ferrari	F360	F360 Modena Berlinetta	Gray	Occasion	Zuzwil
Mercedes-benz	SLR	730PS	Anthracite	Occasion	Zuzwil
Mercedes-benz	SL 55 AMG	SL 55 AMG	Gray	Occasion	Zuzwil
Porsche	911	911 Carrera Targa	Gray	Occasion	Zuzwil
Renault	Alpine A110	1600S VC	Gray	Antique Car	Zuzwil
Mercedes-benz	SL 600	SL 600	Gray	Occasion	Zuzwil
Porsche	911	911 Turbo	Gray	Occasion	Zuzwil
Mercedes-benz	S-CLASS	S 55 L AMG	Gray	Occasion	Zuzwil
Bmw	M3	M3	Gray	Occasion	Zuzwil
Bmw	740	740i	Gray	Occasion	Zuzwil
Lamborghini	GALLARDO	Gallardo LP560-4 Spyder	Gray	Occasion	Zuzwil
Dodge	VIPER	null	Gray	Occasion	Zuzwil
Mercedes-benz	S 65 AMG	S 65 AMG L	Anthracite	Occasion	Zuzwil
Mercedes-benz	E 500	E 500 Avantgarde	Gray	Occasion	Zuzwil
Audi	A8	A8 4.2 quattro	Gray	Occasion	Zuzwil
Porsche	BOXSTER	Boxster S 3.2	Gray	Occasion	Zuzwil
Mercedes-benz	SL 500	SL 500	Gray	Occasion	Zuzwil
Ferrari	456	456 GTA	Gray	Occasion	Zuzwil
Ford	CORTINA	Cortina Lotus	Gray	Antique Car	Zuzwil
Mercedes-benz	SLK 200	SLK 200	Gray	Occasion	Zuzwil
Mercedes-benz	ML 63 AMG	ML 63 AMG 4Matic	Gray	Occasion	Zuzwil
Mercedes-benz	S 65 AMG	S 65 AMG L	Gray	Occasion	Zuzwil
Bmw	323	323i	Gray	Occasion	Zuzwil
Mercedes-benz	CLS 500	CLS 500	Anthracite	Occasion	Zuzwil
Land Rover	RANGE ROVER	Range Rover 4.6 HSE	Gray	Occasion	Zuzwil
Porsche	911	911 Carrera 4	Gray	Occasion	Zuzwil
Audi	RS6	RS6 Avant quattro	Gray	Occasion	Zuzwil
Aston Martin	V12 Vanquish	Vanquish V12	Gray	Occasion	Zuzwil
Mercedes-benz	CL 500	CL 500	Gray	Occasion	Zuzwil
Bmw	530 Gran Turismo	530d GT	Gray	Occasion	Zuzwil
Porsche	911	911 GT2	Gray	Occasion	Zuzwil
Bmw	740	740i	Gray	Occasion	Zuzwil
Bmw	""	1602	Gray	Antique Car	Zuzwil
Land Rover	RANGE ROVER	3.5	Gray	Occasion	Zuzwil
Renault	ALPINE	Alpine A310 V6	Anthracite	Occasion	Zuzwil
Talbot	MATRA	Murena 2.2	Gray	Occasion	Zuzwil
Mercedes-benz	SLK 350	SLK 350	Gray	Occasion	Zuzwil
Austin-healey	""	BT7 3000 Mk I	Gray	Antique Car	Zuzwil
Porsche	CAYENNE	Cayenne Turbo S	Gray	Occasion	Zuzwil
Lotus	Super Seven	HKT	Gray	Occasion	Zuzwil
Porsche	CAYENNE	Cayenne S	Gray	Occasion	Zuzwil
Maserati	QUATTROPORTE	Quattroporte 4.7 S	Gray	Occasion	Zuzwil
Mercedes-benz	S 250	S 250 CDI BlueEff SS	Gray	Occasion	Zuzwil
Mercedes-benz	S 320	S 320 CDI	Gray	Occasion	Zuzwil
Ferrari	456	456M GTA	Gray	Occasion	Zuzwil
Lamborghini	MURCIÉLAGO	Murciélago 6.2 Roadster	Anthracite	Occasion	Zuzwil
Mercedes-benz	SL 500	SL 500	Gray	Occasion	Zuzwil
Bmw	730	730i	Green	Occasion	Zuzwil
Bmw	M5	M5	Green	Occasion	Zuzwil
Simca	""	Rallye2	Green	Occasion	Zuzwil
Bmw	M3	M3	Green	Occasion	Zuzwil
Mercedes-benz	ML 63 AMG	ML 63 AMG 4Matic	Green	Occasion	Zuzwil
Audi	R8	R8 Coupé 4.2	Green	Occasion	Zuzwil
Mercedes-benz	E 420	E 420 Elégance	Green	Occasion	Zuzwil
Ferrari	456	456M GTA	Green	Occasion	Zuzwil
Audi	A8	A8 4.2 quattro	Green	Occasion	Zuzwil
Porsche	CAYENNE	Cayenne Turbo	Anthracite	Occasion	Zuzwil
Mclaren	12C	MP4-12C Spider 3.8 V8	Green	Occasion	Zuzwil
Bmw	323	323i	Green	Occasion	Zuzwil
Bmw	M3	M3	Green	Occasion	Zuzwil
Bmw	Z4	Z4 2.5i Roadster	Green	Occasion	Zuzwil
Lancia	""	Rally 037 stradale	Green	Occasion	Zuzwil
Mercedes-benz	S 600	S 600	Green	Occasion	Zuzwil
Ferrari	348	348 tb	Green	Occasion	Zuzwil
Mercedes-benz	SL 63 AMG	SL 63 AMG	Green	Occasion	Zuzwil
Porsche	911	911 Turbo S Cabrio SPEED ART 580PS	Green	Occasion	Zuzwil
Mercedes-benz	S 500	S 500 L	Green	Occasion	Porrentruy
Mercedes-benz	S 65 AMG	S 65 L / BRABUS T65 S	Beige	Occasion	Zuzwil
Mercedes-benz	""	E 60 Carlsson	Green	Occasion	Zuzwil
Porsche	911	911 Turbo	Green	Occasion	Zuzwil
Lamborghini	DIABLO	Diablo SE 30	Green	Occasion	Porrentruy
Aston Martin	DBS	DBS Volante	Green	Occasion	Zuzwil
Bentley	CONTINENTAL	Continental Supersports Conv.	Green	Occasion	Zuzwil
Lexus	GS	GS 450h	Green	Occasion	Zuzwil
Fiat	Dino	2400 Coupé	Green	Occasion	Zuzwil
Bmw	323	323Ci	Green	Occasion	Zuzwil
Mercedes-benz	SL 500	SL 500	Green	Occasion	Zuzwil
Mercedes-benz	CLS 55 AMG	CLS 55 AMG	Green	Occasion	Zuzwil
Chevrolet	CORVETTE	Corvette Z06	Anthracite	Occasion	Zuzwil
Mercedes-benz	E 55 AMG	E 55 AMG Avantgarde	Beige	Occasion	Zuzwil
Nsu	""	TT	Green	Antique Car	Zuzwil
Porsche	911	911 Turbo	Green	Occasion	Zuzwil
Audi	RS6	RS6 Avant 5.0 V10 quattro	Green	Occasion	Zuzwil
Audi	S3	S3 2.0 TFSI quattro	Green	Occasion	Zuzwil
Ferrari	575M	NOVITEC	Green	Occasion	Zuzwil
Ferrari	MONDIAL	Mondial 3.4 T	Green	Occasion	Zuzwil
Vw	PHAETON	Phaeton 6.0 W12 4Motion	Green	Occasion	Zuzwil
Mercedes-benz	""	CLK DTM AMG	Green	Occasion	Zuzwil
Mercedes-benz	CLK 55 AMG	CLK 55 AMG Avantgarde	Green	Occasion	Zuzwil
Mercedes-benz	E 430	E 430 Avantgarde	Green	Occasion	Zuzwil
Mercedes-benz	CLS 63 AMG	CLS 63 AMG	Beige	Occasion	Zuzwil
Mercedes-benz	CL 55 AMG	CL 55 AMG	Green	Occasion	Zuzwil
Bmw	323	Alpina Look	Green	Occasion	Zuzwil
Peugeot	406	406 Coupé 3.0 V6 Pack	Green	Occasion	Zuzwil
Bmw	633	CSI A	Green	Occasion	Zuzwil
Mercedes-benz	SLK 320	SLK 320	Green	Occasion	Zuzwil
Audi	RS6	RS6 Avant 5.0 V10 quattro	Green	Occasion	Zuzwil
Mercedes-benz	SL 500	SL 500	Green	Occasion	Zuzwil
Mercedes-benz	CL 600	CL 600	Green	Occasion	Zuzwil
Audi	A6	A6 2.8 Ambiente	Green	Occasion	Zuzwil
Mercedes-benz	ML 63 AMG	ML 63 AMG 4Matic	Green	Occasion	Zuzwil
Bmw	X5	X5 4.4i	Beige	Occasion	Zuzwil
Mercedes-benz	SL 600	SL 600	Green	Occasion	Zuzwil
Porsche	911	Turbo	Green	Occasion	Zuzwil
Land Rover	RANGE ROVER	Range Rover 4.6 HSE	Green	Occasion	Zuzwil
Mercedes-benz	SL 55 AMG	SL 55 AMG	Green	Occasion	Zuzwil
Alfa Romeo	ALFASUD	Alfasud 1.5 ti	Green	Occasion	Zuzwil
Mercedes-benz	S 600	S 600	Green	Occasion	Zuzwil
Ferrari	Dino	246 GTS	Green	Occasion	Sursee
Audi	S8	S8 4.2 quattro	Green	Occasion	Zuzwil
Chevrolet	CORVETTE	Corvette ZR1	Green	Occasion	Zuzwil
Porsche	911	911 GT2	Green	Occasion	Zuzwil
Mercedes-benz	SL 500	SL 500	Beige	Occasion	Zuzwil
Mercedes-benz	SL 63 AMG	SL 63 AMG	Green	Occasion	Zuzwil
Renault	Alpine A110	null	Green	Occasion	Zuzwil
Ferrari	F360	F360 Spider	Green	Occasion	Zuzwil
Porsche	911	911 Turbo	Green	Occasion	Zuzwil
Bmw	M5	M5	Green	Occasion	Zuzwil
Saab	9-3	9-3 2.0i-16 T SE	Green	Occasion	Zuzwil
Maserati	QUATTROPORTE	Quattroporte 4.2 Exec. GT	Orange	Occasion	Zuzwil
Alfa Romeo	GTV	6 2.5	Orange	Occasion	Zuzwil
Mercedes-benz	""	SL 60	Orange	Occasion	Zuzwil
Porsche	911	GT3 CUP Rennwagen	Orange	Occasion	Zuzwil
Mercedes-benz	SL 55 AMG	SL 55 AMG	Blue	Occasion	Zuzwil
Lamborghini	DIABLO	SV-R Race	Orange	Occasion	Porrentruy
Bentley	TURBO	Turbo R	Red	Occasion	Zuzwil
Porsche	911	911 Turbo	Red	Occasion	Zuzwil
Maserati	COUPÉ GT	Coupé GT	Red	Occasion	Zuzwil
Mercedes-benz	E 350	E 350 Elégance 4Matic	Red	Occasion	Zuzwil
Mercedes-benz	SL 65 AMG	SL 65 AMG	Red	Occasion	Zuzwil
Ferrari	F360	F360 Spider	Red	Occasion	Zuzwil
Mercedes-benz	SL 600	SL 600	Red	Occasion	Zuzwil
Mercedes-benz	SL 55 AMG	SL 55 AMG	Red	Occasion	Zuzwil
Audi	RS6	RS6 Avant 5.0 V10 quattro 730PS	Red	Occasion	Zuzwil
Audi	S4	S4 Avant quattro	Blue	Occasion	Zuzwil
Porsche	944	944 S2 Cabriolet ABS	Red	Occasion	Zuzwil
Dodge	VIPER	RT/10	Red	Occasion	Zuzwil
Land Rover	RANGE ROVER	Range Rover 4.4 V8 HSE	Red	Occasion	Zuzwil
Audi	RS6	RS6 Avant quattro	Red	Occasion	Zuzwil
Ferrari	F355	F355 Spider	Red	Occasion	Zuzwil
Porsche	CAYENNE	Cayenne S	Red	Occasion	Zuzwil
Mercedes-benz	S 63 AMG	S 63 AMG	Red	Occasion	Zuzwil
Porsche	911	911 Carrera	Red	Occasion	Zuzwil
Aston Martin	DB9	DB9 Volante	Red	Occasion	Zuzwil
Opel	SPEEDSTER	Speedster 2.0 16V Turbo	Red	Occasion	Zuzwil
Lamborghini	MURCIÉLAGO	Murciélago 6.2 Coupé	Blue	Occasion	Zuzwil
Audi	RS6	RS6 Avant 5.0 V10 quattro	Red	Occasion	Zuzwil
Porsche	911	911 Turbo S Cabrio	Red	Occasion	Zuzwil
Mercedes-benz	E 63 AMG	E 63 AMG CGI	Red	Occasion	Zuzwil
Bmw	740	740i	Red	Occasion	Zuzwil
Porsche	CAYENNE	Cayenne Turbo	Red	Occasion	Zuzwil
Ferrari	F430	F430	Red	Occasion	Zuzwil
Mercedes-benz	SL 500	SL 500	Red	Occasion	Zuzwil
Porsche	911	911 Carrera 4 Ruf Turbo BTR 2 420 PS	Red	Occasion	Zuzwil
Mitsubishi	STARION	Starion 2000 Turbo	Red	Occasion	Zuzwil
Porsche	911	911 Turbo Cabrio	Red	Occasion	Zuzwil
Bmw	330	330Ci	Blue	Occasion	Zuzwil
Bentley	Mulsanne	Turbo	Red	Occasion	Zuzwil
Chrysler	300C	300C T 5.7 HEMI V8	Red	Occasion	Zuzwil
Saab	9-3	9-3 2.0T Performance	Red	Occasion	Zuzwil
Volvo	V70	V70 2.4T	Red	Occasion	Zuzwil
Vw	PHAETON	Phaeton 3.0 TDi V6 4M	Red	Occasion	Zuzwil
Mercedes-benz	C 350	C 350 Elégance 4Matic	Red	Occasion	Zuzwil
Bmw	M5	M5	Red	Occasion	Zuzwil
Mercedes-benz	SL 600	SL 600	Red	Occasion	Zuzwil
Porsche	BOXSTER	Boxster 2.5	Red	Occasion	Zuzwil
Mercedes-benz	CL 600	CL 600	Red	Occasion	Zuzwil
Triumph	Spitfire	MK IV	Blue	Occasion	Zuzwil
Rolls-royce	Silver Shadow	II	Red	Occasion	Zuzwil
Jaguar	XJ	XJR 4.0 V8 S/C	Red	Occasion	Zuzwil
Bentley	ARNAGE	Arnage T	Red	Occasion	Zuzwil
Mercedes-benz	CL 600	CL 600	Red	Occasion	Zuzwil
Mercedes-benz	E 63 AMG	E 63 AMG	Red	Occasion	Zuzwil
Marcos	""	1600 GT	Red	Antique Car	Zuzwil
Mercedes-benz	SL 500	SL 500	Red	Occasion	Zuzwil
Renault	CLIO	Rennwagen	Red	Occasion	Zuzwil
Renault	ALPINE	V6	Red	Occasion	Zuzwil
Porsche	911	GT3 CS	Red	Occasion	Zuzwil
Lincoln	Navigator	32 V	Blue	Occasion	Zuzwil
Ferrari	575M	575M	Red	Occasion	Zuzwil
Mercedes-benz	SL 65 AMG	BLACK SERIES	Red	Occasion	Zuzwil
Porsche	911	911 Turbo	Red	Occasion	Zuzwil
Mercedes-benz	E 420	E 420 Avantgarde	Red	Occasion	Zuzwil
Audi	A8	A8 4.2 quattro	Red	Occasion	Zuzwil
Ferrari	F430	F430	Red	Occasion	Zuzwil
Dodge	""	B 200	Red	Occasion	Zuzwil
Audi	RS6	RS6 Avant 5.0 V10 quattro	Red	Occasion	Zuzwil
Bmw	M3	M3	Red	Occasion	Zuzwil
Audi	A6	A6 Avant 2.7 T Ambition	Red	Occasion	Zuzwil
Porsche	CAYENNE	Cayenne Turbo Techart Magnum Kit	Anthracite	Occasion	Zuzwil
Audi	RS6	RS6 Avant quattro	Blue	Occasion	Zuzwil
Jaguar	S-TYPE	S-Type 4.0 V8	Red	Occasion	Zuzwil
Porsche	911	911 Turbo S	Red	New	Zuzwil
Toyota	""	1000 / Publica	Red	Occasion	Zuzwil
Audi	A8	A8 4.2 quattro	Red	Occasion	Zuzwil
Jaguar	XK	XKR S/C Convertible	Red	Occasion	Zuzwil
Audi	A4	A4 Avant 2.8 q.Ambition	Red	Occasion	Zuzwil
Mercedes-benz	E 50 AMG	E 50 AMG Avantgarde	Red	Occasion	Zuzwil
Bmw	X5	X5 4.8is	Red	Occasion	Zuzwil
Audi	RS6	RS6 Avant quattro	Red	Occasion	Zuzwil
Bmw	135	135i	Black	Occasion	Zuzwil
Ferrari	456	456M GT	Blue	Occasion	Zuzwil
Mercedes-benz	CLK 55 AMG	CLK 55 AMG Avantgarde	Black	Occasion	Zuzwil
Mercedes-benz	SL 55 AMG	SL 55 AMG	Black	Occasion	Zuzwil
Mercedes-benz	S 600	S 600	Black	Occasion	Zuzwil
Renault	ALPINE	2700VA	Black	Occasion	Zuzwil
Nissan	SUNNY	2.0 16V GTI-R Rallye	Black	Occasion	Zuzwil
Alfa Romeo	GTV	2000 Bertone	Black	Occasion	Zuzwil
Mercedes-benz	SL 500	SL 500	Black	Occasion	Zuzwil
Lamborghini	GALLARDO	Gallardo LP570-4 Coupé SL	Black	Occasion	Zuzwil
Seat	IBIZA	Ibiza 1.9 TDI FR	Black	Occasion	Zuzwil
Volvo	S40	S40 2.0 T	Black	Occasion	Zuzwil
Mercedes-benz	CLS 500	CLS 500	Blue	Occasion	Zuzwil
Audi	R8	R8 Spyder 5.2	Black	Occasion	Zuzwil
Mercedes-benz	500	500 SE	Black	Occasion	Zuzwil
Jeep	Grand Cherokee	Grand Cherokee 5.2 Ltd.	Black	Occasion	Zuzwil
Ferrari	F355	F355 Spider	Black	Occasion	Zuzwil
Audi	S6	S6 Avant quattro 4.2	Black	Occasion	Zuzwil
Bmw	M5	M5	Black	Occasion	Zuzwil
Lamborghini	GALLARDO	Gallardo LP560-4 Coupé	Black	Occasion	Zuzwil
Mercedes-benz	SL 600	SL 600	Black	Occasion	Zuzwil
Mercedes-benz	C 180	C 180 Esprit	Black	Occasion	Zuzwil
Lamborghini	MURCIÉLAGO	Murciélago 6.2 Coupé	Black	Occasion	Zuzwil
Mercedes-benz	""	SL 250 Pagode	Blue	Occasion	Zuzwil
Lamborghini	MURCIÉLAGO	Murciélago LP640-4 Cpé	Black	Occasion	Porrentruy
Bmw	X5	X5 4.4i	Black	Occasion	Zuzwil
Audi	S8	S8 4.2 quattro	Black	Occasion	Zuzwil
Mercedes-benz	E 500	E 500 Avantgarde	Black	Occasion	Zuzwil
Bmw	750	750iL	Black	Occasion	Zuzwil
Bmw	330	330Ci	Black	Occasion	Zuzwil
Bmw	320	320i Touring	Black	Occasion	Zuzwil
Renault	""	DAUPHINE GORDINI	Black	Occasion	Zuzwil
Bmw	525	525xi	Black	Occasion	Zuzwil
Rolls-royce	CORNICHE	II Coupé	Black	Antique Car	Basel
Land Rover	RANGE ROVER SPORT	Range Rover Sport 4.2 V8 SC	Blue	Occasion	Zuzwil
Ferrari	F40 / F50	null	Black	Occasion	Sursee
Renault	Alpine A110	1600 S	Black	Occasion	Zuzwil
Mercedes-benz	CLS 63 AMG	CLS 63 AMG	Black	Occasion	Zuzwil
Bmw	M3	M3	Black	Occasion	Zuzwil
Mercedes-benz	CL 600	CL 600	Black	Occasion	Zuzwil
Daimler	V8	V8 4.0	Black	Occasion	Zuzwil
Bmw	530	530i Touring	Black	Occasion	Zuzwil
Bmw	528	528i Touring	Black	Occasion	Zuzwil
Ferrari	456	456M GTA	Black	Occasion	Zuzwil
Bentley	CONTINENTAL	Continental R Coupé	Black	Occasion	Zuzwil
Lamborghini	MURCIÉLAGO	Murciélago LP640-4 Cpé	Blue	Occasion	Zuzwil
Mercedes-benz	SL 500	SL 500	Black	Occasion	Zuzwil
Renault	ALPINE	V6	Black	Occasion	Zuzwil
Ford	SIERRA	Sierra 2.0i Cosworth 4x4	Black	Occasion	Zuzwil
Audi	RS4	RS4 Avant 4.2 V8 quattro	Black	Occasion	Zuzwil
Porsche	911	911 Carrera Jubilé 40	Black	Occasion	Zuzwil
Vw	PHAETON	Phaeton 6.0 W12 4Motion	Black	Occasion	Zuzwil
Mercedes-benz	SL 320	SL 320	Black	Occasion	Zuzwil
Porsche	911	911 GT3 RS	Black	Occasion	Sursee
Mercedes-benz	E 63 AMG	E 63 AMG	Black	Occasion	Zuzwil
Porsche	911	911 Carrera 4	Black	Occasion	Zuzwil
Audi	RS4	RS4 Avant quattro	Blue	Occasion	Zuzwil
Mercedes-benz	SL 600	SL 600	Black	Occasion	Zuzwil
Bmw	540	540i	Black	Occasion	Zuzwil
Trabant	""	1300S Trabusa	Black	Occasion	Zuzwil
Seat	LEON	Leon 2.0 TSI FR	Black	Occasion	Zuzwil
Jaguar	E	E-Type III	Black	Occasion	Zuzwil
Lamborghini	AVENTADOR	Aventador LP700-4 Rds	Black	New	Zuzwil
Mercedes-benz	S 55 AMG	S 55 AMG	Black	Occasion	Zuzwil
Bmw	X5	X5 4.4i	Black	Occasion	Zuzwil
Maserati	QUATTROPORTE	Quattroporte 4.2	Black	Occasion	Zuzwil
Audi	RS6	RS6 Avant quattro	Black	Occasion	Zuzwil
Renault	ALPINE	Alpine A310 V6	Blue	Occasion	Zuzwil
Audi	RS6	RS6 Avant 5.0 V10 quattro	Black	Occasion	Zuzwil
Porsche	CAYENNE	Cayenne Turbo	Black	Occasion	Zuzwil
Bmw	760	760i L	Black	Occasion	Zuzwil
Mercedes-benz	B 200	B 200 T Sailing Edition	Black	Occasion	Zuzwil
Maserati	QUATTROPORTE	Quattroporte 4.2	Black	Occasion	Zuzwil
Bmw	335	335i	Black	Occasion	Zuzwil
Mercedes-benz	SLK 55 AMG	SLK 55 AMG	Black	Occasion	Zuzwil
Porsche	CAYENNE	Cayenne Turbo	Black	Occasion	Zuzwil
Bentley	ARNAGE	Arnage Red Label	Black	Occasion	Zuzwil
Audi	TT	TTS Cpé 2.0 TFSI quattro	Black	Occasion	Zuzwil
Mercedes-benz	SL 600	SL 600	Blue	Occasion	Zuzwil
Mercedes-benz	CL 600	CL 600	Black	Occasion	Zuzwil
Renault	R5	R5 1400 Alpine Turbo	Black	Occasion	Zuzwil
Mercedes-benz	ML 500	ML 500	Black	Occasion	Zuzwil
Ford	CAPRI	RS 2600	Black	Occasion	Zuzwil
Mercedes-benz	E 50 AMG	E 50 AMG Avantgarde	Black	Occasion	Zuzwil
Bmw	M5	M5	Black	Occasion	Zuzwil
Bmw-alpina	5 SERIES	B10 4.6 S.Tronic	Black	Occasion	Zuzwil
Ford	ESCORT	Escort 2.0i RS Cosworth	Black	Occasion	Zuzwil
Mercedes-benz	E 55 AMG	E 55 AMG Avantgarde	Black	Occasion	Zuzwil
Bmw	2002	Turbo	Black	Occasion	Zuzwil
Bmw	750	750i	Blue	Occasion	Zuzwil
Maserati	QUATTROPORTE	Quattroporte 4.2 Sport GT	Black	Occasion	Zuzwil
Mercedes-benz	C 63 AMG	C 63 AMG Avantgarde	Black	Occasion	Zuzwil
Bentley	BROOKLANDS	Brooklands	Black	Occasion	Zuzwil
Maserati	QUATTROPORTE	Quattroporte 4.2 Sport GT	Black	Occasion	Zuzwil
Mercedes-benz	E 63 AMG	E 63 AMG	Black	Occasion	Zuzwil
Aston Martin	V8 Vantage	V8 Vantage 4.3	Black	Occasion	Zuzwil
Bmw-alpina	5 SERIES	B5 BiTurbo 4.4 V8	Black	Occasion	Zuzwil
Porsche	CAYENNE	Cayenne Turbo	Black	Occasion	Zuzwil
Jaguar	XK	XKR S/C	Black	Occasion	Zuzwil
Mercedes-benz	SL 55 AMG	SL 55 AMG	Black	Occasion	Zuzwil
Ford (usa)	MUSTANG	Shelby GT500	Anthracite	Occasion	Zuzwil
Lamborghini	DIABLO	Diablo 5.7	Blue	Occasion	Porrentruy
Opel	FRONTERA	Frontera 3.2i V6 Limited	Black	Occasion	Zuzwil
Aston Martin	V8 Vantage	V8 Vantage 4.3	Black	Occasion	Zuzwil
Mercedes-benz	SLK 55 AMG	Black Series	Black	Occasion	Zuzwil
Chevrolet	CORVETTE	Corvette 5.7 LT1 Convert.	Black	Occasion	Zuzwil
Mercedes-benz	300	SEL 3.5	Black	Occasion	Zuzwil
Alfa Romeo	SPIDER	Spider 2.0	Black	Occasion	Zuzwil
Aston Martin	V8 Vantage	V8 Vantage 4.3	Black	Occasion	Zuzwil
Mercedes-benz	SLK 230	SLK 230 Kompressor	Black	Occasion	Zuzwil
Saab	9-3	9-3 2.0i-16 TS Aero	Black	Occasion	Zuzwil
Porsche	911	911 Carrera Cabrio	Black	Occasion	Zuzwil
Mercedes-benz	SL 55 AMG	SL 55 AMG	Blue	Occasion	Zuzwil
Audi	RS6	RS6 Avant quattro	Black	Occasion	Zuzwil
Lotus	EUROPA	null	Black	Occasion	Zuzwil
Mercedes-benz	CL 500	CL 500	Black	Occasion	Zuzwil
Bmw	M5	M5	Black	Occasion	Zuzwil
Vw	PHAETON	Phaeton 6.0 W12 4Motion	Black	Occasion	Zuzwil
Lamborghini	DIABLO	Diablo 5.7	Black	Occasion	Zuzwil
Mercedes-benz	SL 600	SL 600	Black	Occasion	Zuzwil
Opel	MANTA	400 Breitbau	Black	Occasion	Zuzwil
Bmw	750	750i xDrive	Black	Occasion	Zuzwil
Porsche	911	911 GT2	Black	Occasion	Zuzwil
Porsche	911	911 GT2	Blue	Occasion	Zuzwil
Opel	VECTRA	Vectra 2.8 T V6 Cosmo	Black	Occasion	Zuzwil
Bmw	X5	X5 4.4i	Black	Occasion	Zuzwil
Mercedes-benz	SL-CLASS	500 SL	Black	Occasion	Zuzwil
Mercedes-benz	S 500	S 500	Black	Occasion	Zuzwil
Mercedes-benz	CLS 500	CLS 500	Black	Occasion	Zuzwil
Mercedes-benz	G 63 AMG	G 63 AMG	Black	Occasion	Zuzwil
Mercedes-benz	S 63 AMG	S 63 AMG L	Black	Occasion	Zuzwil
Porsche	911	911 Targa	Black	Occasion	Zuzwil
Nissan	MURANO	Murano 3.5 V6	Black	Occasion	Zuzwil
Ferrari	F355	F355 Berlinetta	Black	Occasion	Zuzwil
Audi	RS6	RS6 Avant quattro	Blue	Occasion	Zuzwil
Lamborghini	GALLARDO	Gallardo Superleggera	Black	Occasion	Zuzwil
Audi	R8	R8 Coupé 4.2	Black	New	Zuzwil
Bentley	CONTINENTAL	Continental Supersports Conv.	Black	Occasion	Zuzwil
Bmw	M6	M6	Black	Occasion	Zuzwil
Toyota	CELICA	Celica 2800 i Supra	Black	Occasion	Zuzwil
Bmw	323	323Ci	Black	Occasion	Zuzwil
Audi	A4	A4 Avant 3.0 V6 quattro	Black	Occasion	Zuzwil
Mercedes-benz	CLS 500	CLS 500	Black	Occasion	Zuzwil
Mercedes-benz	SL 500	SL 500	Black	Occasion	Zuzwil
Mercedes-benz	SL 600	SL 600	Black	Occasion	Zuzwil
Hummer	H3	H3 3.5 Luxury	Blue	Occasion	Zuzwil
Bentley	CONTINENTAL	Continental GTC 6.0	Black	Occasion	Zuzwil
Audi	RS6	RS6 Avant 5.0 V10 quattro	Black	Occasion	Zuzwil
Bmw	740	740i	Black	Occasion	Zuzwil
Bmw	330	330Ci	Black	Occasion	Zuzwil
Mg	METRO	6R4 Gruppe B	Black	Occasion	Zuzwil
Bmw	535	535i	Black	Occasion	Zuzwil
Mercedes-benz	SL 500	SL 500	Black	Occasion	Zuzwil
Porsche	CAYENNE	Cayenne Turbo	Black	Occasion	Zuzwil
Bmw	M6	M6	Black	Occasion	Zuzwil
Maserati	QUATTROPORTE	Quattroporte 4.2	Black	Occasion	Zuzwil
Mercedes-benz	CL 600	CL 600	Blue	Occasion	Zuzwil
Audi	RS6	RS6 Avant quattro	Black	Demonstration Model	Zuzwil
Mercedes-benz	SL 600	SL 600	Black	Occasion	Zuzwil
Porsche	911	911 Carrera Cabrio	Black	Occasion	Zuzwil
Lamborghini	DIABLO	Diablo 5.7 VT Roadster	Black	Occasion	Porrentruy
Jeep	Grand Cherokee	Grand Cherokee 5.2 Ltd.	Black	Occasion	Zuzwil
Bmw	730	730d	Black	Occasion	Zuzwil
Mercedes-benz	450	SLC	Black	Antique Car	Zuzwil
Renault	Alpine A110	1300	Black	Occasion	Zuzwil
Porsche	911	911 GT3	Black	Occasion	Zuzwil
Mercedes-benz	SL 600	SL 600	Black	Occasion	Zuzwil
Audi	RS6	RS6 Avant quattro	Blue	Occasion	Zuzwil
Audi	A8	A8 4.2 quattro	Black	Occasion	Zuzwil
Yes!	""	Roadster 3.2	Black	Occasion	Zuzwil
Porsche	911	911 Carrera	Black	Occasion	Zuzwil
Vw	PHAETON	Phaeton 6.0 W12 4Motion	Black	Occasion	Zuzwil
Ferrari	F360	F360 Modena Berlinetta	Black	Occasion	Zuzwil
Audi	S5	S5 Coupé 4.2 FSI quattro	Black	Occasion	Zuzwil
Aston Martin	LAGONDA	Shooting Brake	Black	Occasion	Safenwil
Mercedes-benz	SL 500	SL 500	Black	Occasion	Zuzwil
Audi	RS6	RS6 Avant quattro	Black	Occasion	Zuzwil
Lamborghini	AVENTADOR	Aventador LP700-4 Rds	Black	Occasion	Porrentruy
Porsche	924	Turbo	Blue	Occasion	Zuzwil
Bentley	CONTINENTAL	Continental FlyingSpur6.0	Black	Occasion	Zuzwil
Rolls-royce	Silver Spirit	Mk. I	Black	Occasion	Zuzwil
Mclaren	12C	MP4-12C 3.8 V8	Black	New	Zuzwil
Porsche	CAYENNE	Cayenne Turbo	Black	Occasion	Zuzwil
Land Rover	RANGE ROVER SPORT	Range Rover Sport 5.0 V8 SC	Black	Occasion	Zuzwil
Mercedes-benz	S 500	S 500	Black	Occasion	Zuzwil
Mercedes-benz	SL 55 AMG	SL 55 AMG	Black	Occasion	Zuzwil
Audi	A8	A8 3.7	Black	Occasion	Zuzwil
Mercedes-benz	600-SERIES	611 DS	Black	Occasion	Zuzwil
Audi	RS4	RS4 Avant 4.2 FSI quattro	Black	Occasion	Zuzwil
Renault	Alpine A110	1600 SX	Blue	Occasion	Zuzwil
Mercedes-benz	CL 63 AMG	CL 63 AMG FAB DESIGN	Black	Occasion	Zuzwil
Audi	RS4	RS4 Avant quattro	Black	Occasion	Zuzwil
Mercedes-benz	SL 55 AMG	SL 55 AMG	Black	Occasion	Zuzwil
Lotus	ESPRIT	Esprit 3.5 V8 SE	Black	New	Zuzwil
Porsche	CAYENNE	Cayenne Turbo	Black	Occasion	Zuzwil
Renault	R12	Gordini	Black	Occasion	Zuzwil
Toyota	DYNA	Bergungsfahrzeug	Black	Occasion	Zuzwil
Lamborghini	GALLARDO	GallardoLP570-4CpéTecnica	Black	Occasion	St. Gallen
Vw	TOUAREG	Touareg R50 V10	Black	Occasion	Zuzwil
Mercedes-benz	SLK 200	SLK 200 Kompressor	Black	Demonstration Model	Zuzwil
Bentley	ARNAGE	Arnage Green Label	Blue	Occasion	Zuzwil
Audi	S3	S3 quattro	Black	Occasion	Zuzwil
Chrysler	VIPER	Viper RT/10	Black	Occasion	Zuzwil
Mercedes-benz	SLK 55 AMG	SLK 55 AMG	Black	Occasion	Zuzwil
Bentley	CONTINENTAL	Continental GT 6.0	Black	Occasion	Zuzwil
Mercedes-benz	SL 500	SL 500	Black	Occasion	Zuzwil
Lotus	ELISE	Elise	Black	Occasion	Zuzwil
Maserati	QUATTROPORTE	Quattroporte 4.2	Black	Occasion	Zuzwil
Mercedes-benz	SL 600	SL 600	Black	Occasion	Zuzwil
Mercedes-benz	SL 500	SL 500 Edition	Black	Occasion	Zuzwil
Hyundai	COUPÉ	Coupé 2.7 24V FX	Black	Occasion	Zuzwil
Mercedes-benz	CLS 500	CLS 500	Anthracite	Occasion	Zuzwil
Opel	SPEEDSTER	Speedster 2.2 16V	Blue	Occasion	Zuzwil
Mercedes-benz	ML 430	ML 430	Black	Occasion	Zuzwil
Mercedes-benz	SL 65 AMG	SL 65 AMG	Black	Occasion	Zuzwil
Porsche	911	911 GT3	Black	New	Zuzwil
Nissan	Skyline	Rennwagen	Black	Occasion	Zuzwil
Bentley	CONTINENTAL	Continental GT Speed 6.0	Black	Occasion	Zuzwil
Mercedes-benz	ML 500	ML 500 4Matic	Black	New	Zuzwil
Ferrari	575M	575M	Black	Occasion	Zuzwil
Mercedes-benz	E 63 AMG	E 63 AMG Avantgarde	Black	Occasion	Zuzwil
Mercedes-benz	CL 65 AMG	CL 65 AMG	Black	Occasion	Zuzwil
Bentley	CONTINENTAL	Continental GT 6.0	Black	Occasion	Zuzwil
Mercedes-benz	SLR	McLaren Coupé	Blue	Occasion	Zuzwil
Porsche	911	911 Turbo	Black	Occasion	Zuzwil
Audi	RS4	RS4 Cabriolet 4.2 quattro	Black	Occasion	Zuzwil
Alfa Romeo	166	166 3.0 V6 24V Super	Black	Occasion	Zuzwil
Bmw-alpina	3 SERIES	B3 3.2 Coupé S.Tronic	Black	Occasion	Zuzwil
Renault	ALPINE	Alpine A310 V6	Black	Occasion	Zuzwil
Porsche	911	911 Turbo	Black	Occasion	Zuzwil
Bmw	540	540i	Black	Occasion	Zuzwil
Matra	""	SIMCA Bagheera Serie II	Black	Occasion	Zuzwil
Ferrari	456	456 GTA	Black	Occasion	Zuzwil
Lamborghini	MURCIÉLAGO	Murciélago 6.2 Coupé	Black	Occasion	Zuzwil
Porsche	911	911 Turbo	Blue	Occasion	Zuzwil
Renault	Alpine A110	1600 SC	Black	Occasion	Zuzwil
Porsche	911	911 Turbo	Black	Occasion	Zuzwil
Bmw	523	523i Touring	Black	Demonstration Model	Zuzwil
Ferrari	F430	Challenge GT3 LOOK	Black	Occasion	Zuzwil
Bmw	740	740i	Black	Occasion	Zuzwil
Bmw	M6	M6	Black	Occasion	Zuzwil
Porsche	911	911 Turbo Cabrio	Black	Occasion	Zuzwil
Bmw	550	550i Touring	Black	Occasion	Zuzwil
Bentley	ARNAGE	Arnage Red Label	Black	Occasion	Zuzwil
Jeep	Grand Cherokee	Grand Cherokee 4.0 Ltd.	Black	Occasion	Zuzwil
Jaguar	XJ	XJ8 4.2 V8 Sovereign	Blue	Occasion	Zuzwil
Rolls-royce	CORNICHE	III	Black	Occasion	Zuzwil
Mercedes-benz	SLS 63	SLS 63 AMG	Black	Occasion	Zuzwil
Mercedes-benz	SL 320	SL 320	Black	Occasion	Zuzwil
Dodge	Ram	SRT-10	Black	Occasion	Zuzwil
Audi	RS4	RS4 Avant quattro	Black	Occasion	Zuzwil
Bmw	X5	X5 4.6is	Black	Occasion	Zuzwil
Lamborghini	DIABLO	Diablo 5.7 SV	Black	Occasion	Porrentruy
Fiat	SPIDER	CSA	Black	Occasion	Zuzwil
Bmw	M5	M5	Black	Occasion	Zuzwil
Bentley	CONTINENTAL	Continental GTC 6.0	Black	Occasion	Zuzwil
Lamborghini	DIABLO	Diablo 5.7	Blue	Occasion	Zuzwil
Mercedes-benz	""	CLK DTM AMG Cabriolet	Black	Occasion	Zuzwil
Mercedes-benz	S 63 AMG	S 63 AMG	Black	Occasion	Zuzwil
Maserati	GRANTURISMO	GranTurismo S	Black	Occasion	Zuzwil
Lamborghini	MURCIÉLAGO	Murciélago LP670-4 SV Cpé	Black	Occasion	Zuzwil
Jaguar	XK	XKR S/C Convertible	Black	Occasion	Zuzwil
Lamborghini	GALLARDO	Gallardo 5.0 V10 Coupé	Black	Occasion	Zuzwil
Mercedes-benz	""	CL 5.8 BRABUS	Black	Occasion	Zuzwil
Bmw	X5	X5 4.6is	Black	Occasion	Zuzwil
Mercedes-benz	SL 65 AMG	SL 65 AMG	Black	Occasion	Zuzwil
Audi	RS6	RS6 Avant 4.0 TFSI V8 qu	Black	Occasion	Zuzwil
Alfa Romeo	GTV	GTV 6 2.5	Blue	Occasion	Zuzwil
Land Rover	RANGE ROVER	Range Rover 4.6 HSE	Black	Occasion	Zuzwil
Bentley	ARNAGE	Arnage T	Black	Occasion	Zuzwil
Mercedes-benz	C 43 AMG	C 43 AMG Sport	Black	Occasion	Zuzwil
Audi	RS6	RS6 Avant quattro	Black	Occasion	Zuzwil
Porsche	911	911 Carrera	Black	Occasion	Zuzwil
Fiat	131	Racing / Sport	Black	Occasion	Zuzwil
Porsche	911	911 Carrera 4S Cabrio	Black	Occasion	Zuzwil
Mercedes-benz	SL 55 AMG	SL 55 AMG	Black	Occasion	Zuzwil
Renault	Alpine A110	Modell 1400 FASA	Black	Occasion	Zuzwil
Porsche	911	GTR (GT3)	Black	Occasion	Zuzwil
Porsche	911	911 Carrera Cabrio	Blue	Occasion	Zuzwil
Ferrari	F360	F360 Challenge stradale	Black	Occasion	Zuzwil
Mercedes-benz	CLS 55 AMG	CLS 55 AMG	Black	Occasion	Zuzwil
Mercedes-benz	E 240	E 240 Elégance	Black	Occasion	Zuzwil
Bmw	323	E21	Black	Occasion	Zuzwil
Porsche	911	911 Carrera 4 S Cabrio	Black	Occasion	Zuzwil
Porsche	911	911 Turbo Cabrio	Black	Occasion	Zuzwil
Land Rover	RANGE ROVER	Range Rover 4.6 HSE	Black	Occasion	Zuzwil
Mercedes-benz	SLK 32 AMG	SLK 32 AMG	Black	Occasion	Zuzwil
Bmw-alpina	5 SERIES	B5 BiTurbo 4.4 V8	Black	Occasion	Zuzwil
Lamborghini	DIABLO	Diablo 5.7	Black	Occasion	Zuzwil
Porsche	PANAMERA	Panamera Turbo 4.8	Blue	Occasion	Zuzwil
Audi	RS6	RS6 Avant quattro	Black	Occasion	Zuzwil
Bmw	320	320d Touring	Black	Occasion	Zuzwil
Bmw	2002	Turbo	Black	Occasion	Zuzwil
Renault	ALPINE	Alpine A310 V6	Black	Occasion	Zuzwil
Mercedes-benz	SL 500	SL 500	Black	Occasion	Zuzwil
Porsche	911	911 Carrera	Black	Occasion	Zuzwil
Bmw	X5	X5 4.6is	Black	Occasion	Zuzwil
Bmw	M5	M5	Black	Occasion	Zuzwil
Audi	RS6	RS6 Avant 5.0 V10 quattro	Black	Occasion	Zuzwil
Maserati	COUPÉ GT	Coupé GT	Black	Occasion	Zuzwil
Mercedes-benz	SL 63 AMG	SL 63 AMG	Blue	Occasion	Zuzwil
Audi	RS6	RS6 Avant quattro	Black	Occasion	Zuzwil
Mercedes-benz	SL 55 AMG	SL 55 AMG	Black	Occasion	Zuzwil
Mercedes-benz	S 350	S 350 L 4Matic	Black	Occasion	Zuzwil
Audi	A4	A4 Avant 3.0 V6	Black	Occasion	Zuzwil
Vw	TOURAN	Touran 1.4 TSI Trend	Black	Occasion	Zuzwil
Mercedes-benz	S 600	S 600 L	Black	Occasion	Zuzwil
Bmw	3.0	CSL	Black	Occasion	Zuzwil
Ferrari	612	612	Black	Occasion	Zuzwil
Mercedes-benz	G 55 AMG	G 55 AMG	Black	Occasion	Zuzwil
Kaiser	""	CJ-5 12V ARMEEFAHRZEUG	Black	Occasion	Zuzwil
Mercedes-benz	SL 600	SL 600	Blue	Occasion	Zuzwil
Mercedes-benz	S 320	S 320	Black	Occasion	Zuzwil
Mercedes-benz	SL 500	SL 500	Black	Occasion	Zuzwil
Mercedes-benz	SL 500	SL 500	Black	Occasion	Zuzwil
Lotus	""	HKT Seven GTS	Black	Occasion	Zuzwil
Talbot	""	Sunbeam Lotus	Black	Occasion	Zuzwil
Saab	9-5	9-5 2.3T Aero	Black	Occasion	Zuzwil
Audi	R8	R8 Coupé 5.2	Black	Occasion	Zuzwil
Lincoln	Continental	null	Black	Occasion	Zuzwil
Maserati	GHIBLI	Ghibli 2.8 GT	Black	Occasion	Zuzwil
Mercedes-benz	S 500	S 500 L	Black	Occasion	Zuzwil
Aston Martin	DB9	DB9 Volante	Anthracite	Occasion	Zuzwil
Lancia	DELTA	Integrale EVO	Blue	Occasion	Zuzwil
Bmw	525	525i	Black	Occasion	Zuzwil
Bmw	M6	M6	Black	Occasion	Zuzwil
Mercedes-benz	CLK 63 AMG	CLK 63 AMG Black Series	Black	Occasion	Zuzwil
Porsche	911	Turbo ll 3.6	Black	Occasion	Zuzwil
Mercedes-benz	S 320	S 320	Black	Occasion	Zuzwil
Porsche	911	911 Turbo	Black	Occasion	Zuzwil
Honda	ACCORD	Accord Coupé V6 3.0i VTEC	Black	Occasion	Zuzwil
Audi	RS5	RS5 Coupé 4.2FSI quattro	Black	Occasion	Zuzwil
Ferrari	458	458 Italia 4.5 V8	Black	Occasion	Zuzwil
Rolls-royce	Silver Spur	null	Black	Occasion	Zuzwil
Nsu	""	TTS	Blue	Occasion	Zuzwil
Jaguar	XK	XKR 5.0 V8 SC	Black	Occasion	Zuzwil
Bmw	535	535d xDrive	Black	Occasion	Zuzwil
Porsche	911	911 GT2	Black	Occasion	Zuzwil
Mercedes-benz	SL 500	SL 500	Black	Occasion	Zuzwil
Lamborghini	HURACAN	Huracan LP610-4 Coupé	Black	Occasion	Zuzwil
Mercedes-benz	C 63 AMG	BLACK SERIES	Black	Occasion	Zuzwil
Bmw	740	740iL	Black	Occasion	Zuzwil
Porsche	911	GT3 CUP	Black	Occasion	Zuzwil
Ferrari	612	612	Black	Occasion	Zuzwil
Bmw	328	328i A Cabrio	Black	Occasion	Zuzwil
Toyota	CELICA	2000GT	Blue	Occasion	Zuzwil
Porsche	911	911 Carrera 4	Black	Occasion	Zuzwil
Lancia	DELTA	Delta HF Integrale Evo 4V	Black	Occasion	Zuzwil
Toyota	LAND CRUISER	BJ 40 LT	Black	Occasion	Zuzwil
Maserati	COUPÉ GT	Coupé GT	Black	Occasion	Zuzwil
Harley-davidson	""	HPU Hurricane TC	Black	Occasion	Zuzwil
Land Rover	RANGE ROVER	Range Rover 4.6 HSE	Black	Occasion	Zuzwil
Mercedes-benz	CL 65 AMG	CL 65 AMG	Black	Occasion	Zuzwil
Mercedes-benz	SL 600	SL 600	Black	Occasion	Zuzwil
Bmw	""	323 i E21	Black	Occasion	Zuzwil
Maserati	GRANTURISMO	GranTurismo	Black	Occasion	Zuzwil
Mercedes-benz	CL 500	CL 500	Blue	Occasion	Zuzwil
Smart	FORTWO	Fortwo passion	Black	Occasion	Zuzwil
Audi	S6	S6 Avant quattro	Black	Occasion	Zuzwil
Porsche	911	911 Turbo	Black	Occasion	Zuzwil
Mercedes-benz	R 500	R 500 4Matic	Black	New	Zuzwil
Rolls-royce	CORNICHE	Convertible	Black	Antique Car	Basel
Porsche	911	911 Carrera 4	Silver	Occasion	Zuzwil
Lancia	DELTA	Delta HF Integrale Evo 4V	Silver	Occasion	Zuzwil
Alfa Romeo	GT	1300 Junior	Silver	Occasion	Zuzwil
Ferrari	599	599 GTB HGTE	Silver	Occasion	Zuzwil
Ferrari	365	Daytona Plexiglas	Silver	Antique Car	Sursee
Ferrari	F355	F355 Berlinetta	Blue	Occasion	Zuzwil
Renault	ALPINE	Alpine A310 V6 VFA-2700 VAA	Silver	Occasion	Zuzwil
Mercedes-benz	E 55 AMG	E 55 AMG Avantgarde	Silver	Occasion	Zuzwil
Mercedes-benz	C 280	C 280 Elégance	Silver	Occasion	Zuzwil
Audi	RS6	RS6 Avant quattro	Silver	Occasion	Zuzwil
Audi	S8	S8 4.2 quattro	Silver	Occasion	Zuzwil
Vw	TOUAREG	Touareg 5.0 TDI V10	Silver	Occasion	Zuzwil
Nissan	200 SX	200 SX 1.8 16V Turbo	Silver	Occasion	Zuzwil
Ferrari	599	599 GTB	Silver	Demonstration Model	Zuzwil
Porsche	911	911 Turbo II	Silver	Occasion	Zuzwil
Mercedes-benz	SL 65 AMG	BLACK SERIES	Silver	Occasion	Zuzwil
Bmw	M3	M3	Blue	Occasion	Zuzwil
Audi	RS4	RS4 4.2 V8 quattro	Silver	Occasion	Zuzwil
Mercedes-benz	CL 600	CL 600	Silver	Occasion	Zuzwil
Porsche	911	911 GT3	Silver	Occasion	Zuzwil
Vw	TOUAREG	Touareg 5.0 TDI V10	Silver	Occasion	Zuzwil
Aston Martin	DB9	DB9	Silver	Occasion	Zuzwil
Mercedes-benz	SL 500	SL 500	Silver	Occasion	Zuzwil
Mercedes-benz	CL 600	CL 600	Silver	Occasion	Zuzwil
Ford (usa)	MUSTANG	null	Silver	Occasion	Sursee
Chevrolet	CORVETTE	Corvette ZR1	Silver	Occasion	Zuzwil
Ferrari	F360	F360 Spider	Silver	Occasion	Zuzwil
Daihatsu	CHARADE	Charade 1.0 Turbo	Blue	Occasion	Zuzwil
Bmw	545	545i	Silver	Occasion	Zuzwil
Mercedes-benz	C 240	C 240 Elégance	Silver	Occasion	Zuzwil
Maserati	GRANSPORT	Coupé GranSport	Silver	Occasion	Zuzwil
Mercedes-benz	SL 65 AMG	SL 65 AMG	Silver	Occasion	Zuzwil
Porsche	911	911 Turbo	Silver	Occasion	Zuzwil
Nsu	""	TT	Silver	Occasion	Zuzwil
Mclaren	12C	MP4-12C Coupé 3.8 V8	Silver	Occasion	Zuzwil
Bmw	735	735i	Silver	Occasion	Zuzwil
Mercedes-benz	E 250	E 250 CGI BlueEff Avgarde	Silver	Occasion	Zuzwil
Renault	ALPINE	Alpine A310 V6	Silver	Occasion	Zuzwil
Citroen	C5	C5 3.0 V6 Exclusive	Blue	Occasion	Zuzwil
Toyota	COROLLA	Corolla 2.0 D4D L.Terra	Silver	Occasion	Zuzwil
Bentley	ARNAGE	Arnage Green Label	Silver	Occasion	Zuzwil
Bmw	M6	M6	Silver	Occasion	Zuzwil
Porsche	911	911 Turbo	Silver	Occasion	Zuzwil
Ferrari	575M	575M	Silver	Occasion	Zuzwil
Bmw	X1	X1 xDrive 25d Sport Line	Silver	Occasion	Zuzwil
Mercedes-benz	S 65 AMG	S 65 L AMG 650PS	Silver	Occasion	Zuzwil
Ferrari	456	456M GT	Silver	Occasion	Zuzwil
Mercedes-benz	S 500	S 500	Silver	Occasion	Zuzwil
Vw	GOLF	Golf R32 4Motion	Silver	Occasion	Zuzwil
Ford	CAPRI	RS 2600	Blue	Occasion	Zuzwil
Renault	SPORT SPIDER	Windschutzscheibe	Silver	Occasion	Zuzwil
Renault	R5	Alpine	Silver	Occasion	Zuzwil
Mercedes-benz	S 65 AMG	S 65 AMG L	Silver	Occasion	Zuzwil
Renault	SPORT SPIDER	Spider 2.0 16V TURBO	Silver	Occasion	Zuzwil
Bmw	M6	M6	Silver	Occasion	Zuzwil
Mercedes-benz	CL 500	CL 500 Prime Edition	Silver	Occasion	Zuzwil
Land Rover	RANGE ROVER	Range Rover 5.0 V8 SC	Silver	Occasion	Zuzwil
Bmw	M5	M5	Silver	Occasion	Zuzwil
Mg	""	M Roadster	Silver	Antique Car	Zuzwil
Mercedes-benz	S 600	S 600 L	Silver	Occasion	Zuzwil
Jaguar	S-TYPE	S-Type 4.0 V8	Blue	Occasion	Zuzwil
Fiat	SPIDER	CSA Abarth	Silver	Occasion	Zuzwil
Ferrari	F360	F360 Spider	Silver	Occasion	Zuzwil
Bmw-alpina	5 SERIES	B7 (E28)	Silver	Occasion	Zuzwil
Rolls-royce	CORNICHE	Corniche	Silver	Occasion	Zuzwil
Nissan	Skyline	R34 GTR	Silver	Occasion	Zuzwil
Audi	QUATTRO	quattro Turbo 20V	Silver	Occasion	Zuzwil
Audi	RS6	RS6 Avant 5.0 V10 quattro	Silver	Occasion	Zuzwil
Renault	ALPINE	Alpine A610 Turbo	Silver	Occasion	Zuzwil
Audi	R8	R8 GT Spyder 5.2	Silver	Occasion	Zuzwil
Maserati	BITURBO	Biturbo Spyder E	Silver	Occasion	Zuzwil
Lotus	ELISE	Elise	Anthracite	Occasion	Zuzwil
Mercedes-benz	SLK 350	SLK 350	Blue	Occasion	Zuzwil
Mercedes-benz	CLK 320	CLK 320 Sport	Silver	Occasion	Zuzwil
Citroen	2CV	2CV6 Charleston	Silver	Occasion	Zuzwil
Mercedes-benz	E 430	E 430 Avantgarde	Silver	Occasion	Zuzwil
Renault	CLIO	Clio 3.0 Sport V6	Silver	Occasion	Zuzwil
Renault	ALPINE	Alpine A310 V6	Silver	Occasion	Zuzwil
Mclaren	12C	MP4-12C Coupé 3.8 V8	Silver	Occasion	Zuzwil
Triumph	TR3	null	Silver	Antique Car	Safenwil
Mercedes-benz	CL 55 AMG	CL 55 AMG	Silver	Occasion	Zuzwil
Mercedes-benz	S 320	S 320	Silver	Occasion	Zuzwil
Mercedes-benz	SL 500	SL 500	Silver	Occasion	Zuzwil
Bentley	CONTINENTAL	Continental FlyingSpur6.0	Blue	Occasion	Zuzwil
Porsche	911	911 Carrera Cabrio	Silver	Occasion	Zuzwil
Porsche	911	911 GT3	Silver	Occasion	Zuzwil
Bmw	535	535d	Silver	Occasion	Zuzwil
Rolls-royce	CORNICHE	Corniche	Silver	Occasion	Zuzwil
Aston Martin	DB7	DB7 Vantage Volante	Silver	Occasion	Zuzwil
Mercedes-benz	SL 500	SL 500	Silver	Occasion	Zuzwil
Bmw	2002	tii	Silver	Occasion	Zuzwil
Bmw	750	750iL	Silver	Occasion	Zuzwil
Bentley	ARNAGE	Arnage Green Label	Silver	Occasion	Zuzwil
Bmw	M5	M5	Silver	Occasion	Zuzwil
Renault	CLIO	Clio 2.0 16V Sport	Blue	Occasion	Zuzwil
Mercedes-benz	SLK 200	SLK 200 Kompressor	Silver	New	Zuzwil
Bmw	M3	M3 CSL	Silver	Occasion	Zuzwil
Mercedes-benz	SL 500	SL 500	Silver	Occasion	Zuzwil
Bmw	M5	M5	Silver	Occasion	Zuzwil
Mercedes-benz	SL 500	SL 500	Silver	Occasion	Zuzwil
Mercedes-benz	CL 600	CL 600	Silver	Occasion	Zuzwil
Mercedes-benz	SL 500	6.0 AMG	Silver	Occasion	Zuzwil
Mercedes-benz	S 65 AMG	S 65 AMG L	Silver	Occasion	Zuzwil
Audi	RS6	RS6 Avant quattro	Silver	Occasion	Zuzwil
Land Rover	DISCOVERY	Discovery 3.9	Silver	Occasion	Zuzwil
Chevrolet	CAMARO	null	Blue	Occasion	Sursee
Bmw	M5	M5	Silver	Occasion	Zuzwil
Mercedes-benz	300	300SL W198	Silver	Occasion	Sursee
Fiat	STILO	Stilo 1.8 16V Swiss	Silver	Occasion	Zuzwil
Lancia	""	Monte Carlo 137 AS	Silver	Occasion	Zuzwil
Toyota	CARINA	Deluxe	Silver	Antique Car	Zuzwil
Mercedes-benz	E 320	E 320 Elégance	Silver	Occasion	Zuzwil
Porsche	CAYENNE	Cayenne S	Silver	New	Zuzwil
Bmw	M3	M3	Silver	Occasion	Zuzwil
Bmw	650	650i xDrive	Silver	Occasion	Zuzwil
Chevrolet	CORVETTE	Corvette 6.2	Silver	Occasion	Zuzwil
Maserati	COUPÉ GT	Coupé GT	Blue	Occasion	Zuzwil
Ferrari	F360	F360 Modena Berlinetta	Silver	Occasion	Zuzwil
Bmw	328	328i Coupé	Silver	Occasion	Zuzwil
Mercedes-benz	S 65 AMG	S 65 AMG L	Silver	Occasion	Zuzwil
Audi	RS6	RS6 Avant quattro	Silver	Occasion	Zuzwil
Ferrari	F355	F355 Berlinetta	Silver	Occasion	Zuzwil
Volvo	S60	S60 2.4T	Silver	Occasion	Zuzwil
Chrysler	VIPER	Viper GTS	Silver	Occasion	Zuzwil
Porsche	911	911 Turbo	Silver	Occasion	Zuzwil
Porsche	CAYENNE	Cayenne Turbo	Silver	Occasion	Zuzwil
Ford	""	RS200 EVO Gruppe B	Silver	Occasion	Zuzwil
Audi	A8	A8 4.2 quattro	Blue	Occasion	Zuzwil
Audi	RS6	RS6 Avant 5.0 V10 quattro	Silver	Occasion	Zuzwil
Porsche	PANAMERA	Panamera 4S 4.8	Silver	Occasion	Zuzwil
Bmw	X5	X5 4.4i	Silver	Occasion	Zuzwil
Mercedes-benz	SL 55 AMG	SL 55 AMG	Silver	Occasion	Zuzwil
Audi	RS6	RS6 Avant quattro	Silver	Occasion	Zuzwil
Mercedes-benz	E 320	E 320 CDI Avantgarde	Silver	Demonstration Model	Zuzwil
Ferrari	F360	F360 Modena Berlinetta	Silver	Occasion	Zuzwil
Mercedes-benz	SL 500	SL 500	Silver	Occasion	Zuzwil
Lamborghini	MURCIÉLAGO	Murciélago LP670-4 SV Cpé	Silver	Occasion	Zuzwil
Porsche	PANAMERA	Panamera 4S 4.8	Silver	Occasion	Zuzwil
Jaguar	XJ	XJ 4.0 Sovereign	Blue	Occasion	Zuzwil
Mercedes-benz	S 600	S 600 L	Silver	Occasion	Zuzwil
Bmw	X5	X5 4.4i	Silver	Occasion	Zuzwil
Land Rover	RANGE ROVER SPORT	Range Rover Sport 4.2 V8 SC	Silver	Occasion	Zuzwil
Porsche	CAYENNE	Cayenne Turbo S	Silver	New	Zuzwil
Porsche	CAYENNE	Cayenne Turbo	Silver	Occasion	Zuzwil
Bmw	M5	M5	Silver	Occasion	Zuzwil
Bmw	328	328i	Silver	Occasion	Zuzwil
Bmw	330	330xi	Silver	Occasion	Zuzwil
Bmw	X5	X5 4.4i	Silver	Occasion	Zuzwil
Bmw-alpina	7 SERIES	B7 Turbo Limousine	Silver	Antique Car	Zuzwil
Maserati	SPYDER GT	Spyder GT	Blue	Occasion	Zuzwil
Porsche	CARRERA GT	Carrera GT	Silver	Occasion	Zuzwil
Audi	RS6	RS6 Avant quattro	Silver	Occasion	Zuzwil
Nissan	SUNNY	Sunny 2.0 16V GTI-R	Silver	Occasion	Zuzwil
Bmw-alpina	3 SERIES	B3 3.3 S	Silver	Occasion	Zuzwil
Bentley	ARNAGE	Arnage T	Silver	Occasion	Zuzwil
Ferrari	F355	F355 Berlinetta	Silver	Occasion	Zuzwil
Mercedes-benz	SLR	McLaren	Silver	Occasion	Zuzwil
Mercedes-benz	E 50 AMG	E 50 AMG Avantgarde	Silver	Occasion	Zuzwil
Porsche	911	911 Turbo	Silver	Occasion	Zuzwil
Porsche	911	911 Turbo	Silver	Occasion	Zuzwil
Mercedes-benz	E 230	E 230 Elégance	Blue	Occasion	Zuzwil
Porsche	911	911 Turbo Cabrio	Silver	Occasion	Zuzwil
Audi	RS4	RS4 4.2 V8 quattro	Silver	Occasion	Zuzwil
Ferrari	F355	F355 Berlinetta	Silver	Occasion	Zuzwil
Mercedes-benz	CLS 500	CLS 500	Silver	Occasion	Zuzwil
Porsche	911	SC 3.0	Silver	Occasion	Zuzwil
Bmw	M6	M6	Silver	Occasion	Zuzwil
Mercedes-benz	SL 500	SL 500	Silver	Occasion	Zuzwil
Bentley	TURBO	null	Silver	Occasion	Zuzwil
Pgo	""	Cevennes	Silver	Occasion	Zuzwil
Mercedes-benz	CL 500	CL 500	Silver	Occasion	Zuzwil
Bmw	M5	M5	Blue	Occasion	Zuzwil
Lamborghini	AVENTADOR	Aventador LP700-4 Rds	Silver	Occasion	Sursee
Mercedes-benz	SL 55 AMG	SL 55 AMG	Silver	Occasion	Zuzwil
Renault	R5	Alpine Turbo	Silver	Occasion	Zuzwil
Audi	A6	A6 2.4	Silver	Occasion	Zuzwil
Bmw	2002	Turbo	Silver	Occasion	Zuzwil
Mercedes-benz	CLS 350	CLS 350 CGI	Silver	Occasion	Zuzwil
Lamborghini	DIABLO	Diablo 5.7 VT	Silver	Occasion	Zuzwil
Audi	RS6	RS6 Avant 5.0 V10 quattro	Silver	Occasion	Zuzwil
Ferrari	612	612	Silver	Occasion	Zuzwil
Porsche	CAYENNE	Cayenne Turbo	Silver	Occasion	Zuzwil
